CREATE DATABASE  IF NOT EXISTS `sistemaifsp` /*!40100 DEFAULT CHARACTER SET utf8 */;
USE `sistemaifsp`;
-- MySQL dump 10.13  Distrib 5.6.23, for Win64 (x86_64)
--
-- Host: localhost    Database: sistemaifsp
-- ------------------------------------------------------
-- Server version	5.6.24-log

/*!40101 SET @OLD_CHARACTER_SET_CLIENT=@@CHARACTER_SET_CLIENT */;
/*!40101 SET @OLD_CHARACTER_SET_RESULTS=@@CHARACTER_SET_RESULTS */;
/*!40101 SET @OLD_COLLATION_CONNECTION=@@COLLATION_CONNECTION */;
/*!40101 SET NAMES utf8 */;
/*!40103 SET @OLD_TIME_ZONE=@@TIME_ZONE */;
/*!40103 SET TIME_ZONE='+00:00' */;
/*!40014 SET @OLD_UNIQUE_CHECKS=@@UNIQUE_CHECKS, UNIQUE_CHECKS=0 */;
/*!40014 SET @OLD_FOREIGN_KEY_CHECKS=@@FOREIGN_KEY_CHECKS, FOREIGN_KEY_CHECKS=0 */;
/*!40101 SET @OLD_SQL_MODE=@@SQL_MODE, SQL_MODE='NO_AUTO_VALUE_ON_ZERO' */;
/*!40111 SET @OLD_SQL_NOTES=@@SQL_NOTES, SQL_NOTES=0 */;

--
-- Table structure for table `__migrationhistory`
--

DROP TABLE IF EXISTS `__migrationhistory`;
/*!40101 SET @saved_cs_client     = @@character_set_client */;
/*!40101 SET character_set_client = utf8 */;
CREATE TABLE `__migrationhistory` (
  `MigrationId` varchar(100) NOT NULL,
  `ContextKey` varchar(200) NOT NULL,
  `Model` longblob NOT NULL,
  `ProductVersion` varchar(32) NOT NULL,
  PRIMARY KEY (`MigrationId`,`ContextKey`)
) ENGINE=InnoDB DEFAULT CHARSET=utf8;
/*!40101 SET character_set_client = @saved_cs_client */;

--
-- Dumping data for table `__migrationhistory`
--

LOCK TABLES `__migrationhistory` WRITE;
/*!40000 ALTER TABLE `__migrationhistory` DISABLE KEYS */;
INSERT INTO `__migrationhistory` VALUES ('201511102328412_criando-database','Sistema.Ifsp.DAL.Migrations.Configuration','\0\0\0\0\0\0][o:r~dux&_1y54ݴGZԆ.-R;μuKTUHe͞IYEi|FeJOmOgWۮ܇2>ŢZ :Y˲dYɪX{SZm^k/|I66nɪ9}sRII.jc9<m>;҄dYEԴ\"wuYOw _7{Le,nȻӆ +*i^jϒ~Ug&i\nu\\o%>)b>[mkB-eR5Ӳ%,6_tQj,D\"	yt>}eaTxW%O26kRRM}^E%Bjۉ[]RXg7o$|ӟuBV\'}#ЏrKF+H#<}&TUt#ʔأMN\rNcwTHu]	6/$r\0%N+/JJj}J(Ok\0+[R%u6#{>V@+\"Տt[,_l)]-)pOvEpU5`^qplŨh*Rz4I۬@q܎r	֬QP_\rډӝlTlT;/$)WtRWU<y|馸+t	*B,d\n~2ȼP]˺X1=6e$/~#u<ؒrbŠU@9,3ɵΈ)]nSdZiUa	Pᇩ+8`\Z_}c]57_ic]Jqd5K:O]BLY\ZaKq:]o@(J:o(s$a~scW	+[R!MI)q&}X>Ť$[an0W|be$%\rS`ءPpr%mul%D{ZR#ׅ]2ي\'ߥetrpsJC4ZH2{xI?W5%++׾zRu:oڳ\'T3NlKX)^B\01#ه^Z\"WcF\rz7z~Uq4&rYZP$Bm5mNcvݒ/IY&`k<W\ZNP B*(	%-yr_:XkT[L2(VŚ6F\\#ه2+b[n`MK	b_JضtYW\'(ZȗZȾ[ȕoa-%p|)a*ްY<mVXB1][y\\VZV\'[u~.\n	ccx\rN|04M5IʴXE؛v֔X$K%F69>wN܌خ٥\\]gST\"eJŢ膬uAPBښ}\'ϕN^6)WT}xN-2m;::L;.!e6M+O?H(7ِ)VK~I2R;sTd,NZd[Ǹvhgr`]cQ|ޝh,`t\rcIKMʈs\'GAmkǚlǼrL;W*F̺ac/]6bs]$\r!\nW\Z09rAv\'\"~`֚\r.UZ%bMŗc%9\"S8_Z;[uosAZL\ZWdw\ZvaOAgrlseM _7π{:6ϽZ0чɧ!WvbeͲ욏0W6t{2y1.i>xTrm\nߑzڭW\nRg{\r\\HLXS\"eDpǊELHDO/Z)SEZ~HDJ-0%`- }hHvFw(L1vqK\\*vݘ%J3l C?\\ݚMN4ԣYfN;BNM(oK}M6nO_AMءAʲ}PiݟpʢxF\r}>\Z:C&eF6*W^sɉJ|M?!x#]dAfNnی\'>bT<V?tS#;Wvuj8@\r]C|+\"\nj>5:\0pF.|arjXǸqj?)&-Q\'A\04\\p3>R5sZyQ٢0?8[ n͆LjK};LbY	5E<m]봬ˤv	zXbj7\Z)kk}gB0@q5e9rK59Ó,)5\0.lMtZ\'\nd!IOdвDFwqQ47NOQ6,,5Sئd\r6)7n;M3\'(>#4Rp$8Alhx¨vIXZݓ6˚,-Ӌ;)X`A{hNg\ZZ$8c[L)Atq#~4}0Yc?\"&V0ǲqehnfPs\\|/sUpKnxhNW?%Aye_6=cw+z/S ]4@Eqc7͝\"3鉨$d} ^\\l_A5m/i-G*Q140>wtp9,3wkprYLǻ3؂vd b\'j{tl\\jsN3|:S>URrʷL((QI=}T+鎟bd:~g%=+q8v\"̞	lgM-%WQ1>KbOW#܅gEB G_%#P={v0}\rkcB,]\\mhW<|PQ$szi}=\nͼD`d|,93M̏웃1Rc[I#;C	:⨢;\\̋=鹍ҳoHWۃ*\ZCPnɱ{x0Ou>IĿUtd#*z?go}6G}@>\n;6Ăݲl,wrM6֎C@j;o+[zQ䫴MjRIV\"k[ؼN~?	P\0jjoo7IzSrYDj% 0V*lE^XT(̬p>	#\Zթ-nS\n)	TMqN*(7R]w-\r\0FB[z|h}w\'U	P8zbvF-r8L\0$δGϜd=9ڷ/6\n²K60E6ݶ\0s1xCOJ+`GEق|J\0ب\0}qv̀uؙܴtHK 	Jni8j\r. q@(paKEN7ZPȩ.:.s(r>|깃@P3i0&Z\"ц+)ӟ\\^b5@J0@2&\n(,@?$P\"%vTOellR%]\n9]5o^4OڟYJz,q#Hio\'γ44+jUdd.s%]^꯯i#gE$۴&2$^>æ\\(ے,s|6QV/}1EzwYs)j!2sxR-wfKq+D|U1*5aY{1LE2`)MHŏ\\IŏsʏPGŏ.D*~D,*<uiTCQT?蒜7@փ?ŷ#YSp[t6/J(R۰PHqPϙ(t	xT&3ŕ37?!QXaшpw\"Wut#bwL^Tzݘu#lM)H3T\08wepԯ^ɇbaAL\n &o;㷃@Ԥ$gZnC	kڿ}kJFNali|\ZFvsQC`JuD},Ǝ:SĈKyTsF/͙/T<zNݽzõzqv\r4^39M58l\Z@9]y֞\n»gwfp&ه\"0?N-{yt]^w+? L)\Zy&[>ޏMRwenYnZRNN(5OqsR6<.6+Pޖ)%I2\rwQPlHxJpq=\0.(gAa7>ف{«\\\'2q/ [\Zʅhd4>։{&\0fk9F?ʰ//f%qqgiL{08$\"J݉nIt\0T+c#0UiLف)OK`5\\ ͲLs&iOGӹI\ntHL\\Vꎥn!iAs<SipS4ncW4=\\]L<x|OR\0}GTܦXĐJ\r	+\0P~feTi\"򦊉C0F\rH`s0VyM4Ƞ{\"c8W<zB1nboc܆)]a0iR.)R@cd{/%_dv۸Z&+@LG>\n?Q!2P-(9¨QqBq*Gxг\rmzkP;>\0b5ّ	 WCO(!P!Cd\r8q)_Ņb#޼NySkv\r0J*3j@PB.Ya,C4\\} cŃL)\0CW|2:lו0\0ڀi]k6pXj4o\Zgǃn&w5H2wPL\"	8E@`WÙbpM]i;L =Pm{2$ϷA|*\\~6ׯT/OfX3RE[&U.N{sT6h	)\Z:&[;&ߓ:d\roAt=ח{*X`I]+:\\m{#Ua%ʱ8KhUT/T7C(iN*K07m\n[s;9Tr(C9P3a}C\0\'ҕm2[cpǟ8|4I5xᰦd5*2qM0/T8H\093(6o8*/©\nC,\r,mǕg威ѩMsB=ޢXZ8c؁elw!=t^Rxφ2k/Z-j-AsH\r@3oPh$#S@\r{#Av8PO~Ѓ3VKCAgG 	?	l΂RwP]3\"!AE>-k3)5] 1npXnDGR\0u (B`f@CWЦHKA)R\\07d{*QB{@X,bZ^+hLߏvP_>\'Dw@X67E\"e\01o0|ϽkN\"Cllmߺ(\'rSHVO_ysETHɒe|]Т]6R\'͵e>&˚^6͟oIEse[o5eg0<Ugg_6Ϳ*isȗmv_ $Fus@\"7$ԋoU\'MFU_mːe<ɺiӿ~˟L2+<\0','6.0.0-20911'),('201511122328075_alterando-pessoafisica','Sistema.Ifsp.DAL.Migrations.Configuration','\0\0\0\0\0\0][o:r~dux&_1y54ݴGZԆ.-R;μuKTUHe͞IYEi|FeJOmOgWۮ܇2>ŢZ :Y˲dYɪX{SZm^k/|I66nɪ9}sRII.jc9<m>;҄dYEԴ\"wuYOw _7{Le,nȻӆ +*i^jϒ~Ug&i\nu\\o%>)b>[mkB-eR5Ӳ%,6_tQj,D\"	yt>}eaTxW%O26kRRM}^E%Bjۉ[]RXg7o$|ӟuBV\'}#ЏrKF+H#<}&TUt#ʔأMN\rNcwTHu]	6/$r\0%N+/JJj}J(Ok\0+[R%u6#{>V@+\"Տt[,_l)]-)pOvEpU5`^qplŨh*Rz4I۬@q܎r	֬QP_\rډӝlTlT;/$)WtRWU<y|馸+t	*B,d\n~2ȼP]˺X1=6e$/~#u<ؒrbŠU@9,3ɵΈ)]nSdZiUa	Pᇩ+8`\Z_}c]57_ic]Jqd5K:O]BLY\ZaKq:]o@(J:o(s$a~scW	+[R!MI)q&}X>Ť$[an0W|be$%\rS`ءPpr%mul%D{*򲇭<u=\Zl\02o:W:8= >6Cdl~(kJVV0}Txau`	8l,vٖ`3]8\0bF}K	r	۹L\"u#勩.o <3(-ZnidM>\"IrgjuۜǠj)_Lx<X=5Z>A0TPJz[8AntwS&\r+`2i͸[kxqd#KDn5/%}	7+a¿d<<Ҟh!_Jh!n!W¾inB%Bm{;{ڶ{/{gWZa	voqE[W(WHjZlQԶ+$y-58]cS~6Y&)baGZSQc-T/P\Z]de2~|d~\'rdfjsu%OSɊ+m^NJA	}kk?W_:k>x٤\\SG9$˴\\l$9yfq	/oYnZa~AbDAte6O\\Z_KΗZ&+`6pb$Ŏ>Ƶ>ݕi%(]GcvKM<$\\j?VF;9`:n0P\\@p/>d>e7~7`\na\nW14d\r{1*o: 7lQրȋ\n;Ilp9*k*d[.͹G؞rH9*B:ssggH\n\'0V{2:c+s/kyӱyʆ>lO>wt9?eSܗ_Џ3,~voe|lYoqޓa\'vOObnS;nRj>kzFbFJ\"$:KD?,}d%z3rءh\"*VU*XKS\" R\0BڇjǍ\0ntHJgc9 raAl׍Yb\\(<°9j$խD렾LC=:?l itA֩~Pq+	;\"HY/\"-3XYT\ZϨoa]Cgh<äF\0vyN\"91T)7oһ\'3ēObr,(pC@}G\"=z\'g`wrjdʮN\ZԚ}h{EDC\r֢\0=բ\"Q\0H\"؅\"CnRԚa3\ZU>0w:N=<D5s:@FbnFG]fNUk!/;`q:;[tyg$MI?uٰ/xgzX,+ \rڡ(\'\"m+rU}n4A5PL&Ux>em[H~(,6Zn	s32&Sy%&Em׹IvBD,$Z.P0|b&Ɖ)JԆ[6>t\nR49̼&2Fzڍb\'){Q\ns/G:\r͵OT.1	K{r@fYs6ezqw\'XZlvوXBSsJ]!JB*L N6sǓ0x:(86.pz`So,[d{h{?-V΢߼Dj2Q~˜eRQ.Pb\rmlk{o\\G֕܈3싃2tLcEe+(nzx>ZZzFs?=5Dk\ru+R#($5R%*ƬHsbn&=26%{f!VN#x7#[p1=$C$_uQ\\a.uiFK[gʧJV._v?*)t1j%SL>`$9~g%?	^DU?>#r	K*>gI~vPQ@$dUBGPwa|mL\rMcC*cen0<=T Z/ 1P\"1GauSL,O>3Gf3<ɗ1}s0fYJl49ͲpDu\"y(A$UTyw\'=Qv^z2\Z\nr{tW2pUEc=-9vF[·1n8\r\"vhXEl8^ua\\a&Yv&\\NCRӦڑuhpm`ceK/|	;>WM!MPĈok0X\'ʵ?@@X\r^p!v&IoT?#D@ͺJŃ-8K:PP\'wD:9QmQ]}C6W6i5i4v@23뮴ž04[IY`K/b`W1а A. 0,a\ny#Xl0_nѨE	d<z㙓l\'R~|@AXbȸ٦c.o)4[cA>@	P$w(B6[p\\Cv@4Ю9;>GI|i$AI-\rG-$n6.li?	|P\n99ہE\'0p~eW\"|7wptO^wP1\n|n<-\"^ry#&PD^@b>p\0#\nKHxPѰ(\\EP>@*%(@ȃ}=Pb!Ю2R)!\\|̓\\>=#+2Q!<&?߳I\"KI^%n<}$U}_?Oy&U(>%YUʀܗx3x7W,E-DKoF2[-ygϊIiMdH݄1}<fGK#F\\%Y7ګ-	7Vm`\'1zZs)!l44ZbMBGLAR#!|*V(bľwpFV^G[ob[˄/l,Oŏs8ˏPŏ.l,~DT,<uXC\'cT?蒜7@փŷ#Wp[t6J(R۰)UHqTϙ*t	x|(3͵37?!QXaшp^wƙ\"Wut#bẁTzݘu#\"uM)HvV\08wåԯ^saAL &8@Ԥ(gZE	kڿ\r}%kJFaliFvsQC`&Ju},:SՈKM}TsF1͙/T[<N~[~q5{\r4^39F8l\Z@9]y֞\nJgwfp&އ\"0?>{y]_w4+? L*\Zyf[>^ӎMRWǣenYnZRNN[,5OqsR6<.6+Xޖ)%I2\rwQPlHxJpq=}\0@(Aa7Oف{«\\\'2q\\#/; &m\Zʅhd4[>&\0k9F?ʰ//f%qqz̝08L$J݉nIt\0T-c#79UiLف)OK`5\\Ґ RLs&OGӹIt\'H%&L\\jꎥn<#iAsd!SiMS4nc!4=\\]L<x|OR\0}GT\\XĐJ\r	+\0P~feTik&򺋉C0F\rH`s0Vy)N4Ƞ{\"c8W<zB1nboc܆)a0iR.)R@cd{/e/_dv۸Z&+@LG>\n?R!2P-(9¨QqBq*Gxг\rmzkP;>\0b5ّ	 WCO(!P!Cd\r8q)_Ņv#޼NySkvR0J*3j@PBnYa,C4\\} cŃL)\0CW|2:lw0\0ڀi-k6pXj4o\Zgǃn&w5H2YL\"	8mB`WÙbpM#i;L =Pm{2$ϷA|*\\~6ׯT/OfX3RE[&U.N{sT6h	)\Z:&[;&ߓ:d\roAt=ח{*X`I]+:\\m{#Ua%ʱ8KhUT/T7C(iN*K07m\n[s;9Tr(C9P3}C\0\'ҕm2[cpQ8|4I5xᰦd5*2qM0/T8H\093(6o8*/©\nC0\r,mǕg\rѩMsB=ޢXZ8c؁elw=t^/dxφ2k/Z-k-AsH\r@3oPh$#S@\r{#Av8PO~Ѓ3VKCAgG 	?	l΂RwP]3\"!AE>-k3)5] 1npXnDGR\0u (B`f@CWЦHKA)R\\07d{*QB{@X,bZ^+hLߏvP_>\'Dw@X67E\"e\01o0|ϽkN\"Cllmߺ(\'rSHVO_ysETHɒe|]Т]6R\'͵e>&˚^6͟oIEse[o5eg0<Ugg_6Ϳ*isȗmv_ $Fus@\"7$ԋoU\'MFU_mːe<ɺiӿ~˟(=\0','6.0.0-20911');
/*!40000 ALTER TABLE `__migrationhistory` ENABLE KEYS */;
UNLOCK TABLES;

--
-- Table structure for table `administradorsistema`
--

DROP TABLE IF EXISTS `administradorsistema`;
/*!40101 SET @saved_cs_client     = @@character_set_client */;
/*!40101 SET character_set_client = utf8 */;
CREATE TABLE `administradorsistema` (
  `idPessoaFisica` int(11) NOT NULL,
  PRIMARY KEY (`idPessoaFisica`),
  KEY `IX_idPessoaFisica` (`idPessoaFisica`) USING HASH,
  CONSTRAINT `FK_AdministradorSistema_Funcionario_idPessoaFisica` FOREIGN KEY (`idPessoaFisica`) REFERENCES `funcionario` (`idPessoaFisica`)
) ENGINE=InnoDB DEFAULT CHARSET=utf8;
/*!40101 SET character_set_client = @saved_cs_client */;

--
-- Dumping data for table `administradorsistema`
--

LOCK TABLES `administradorsistema` WRITE;
/*!40000 ALTER TABLE `administradorsistema` DISABLE KEYS */;
INSERT INTO `administradorsistema` VALUES (6);
/*!40000 ALTER TABLE `administradorsistema` ENABLE KEYS */;
UNLOCK TABLES;

--
-- Table structure for table `aluno`
--

DROP TABLE IF EXISTS `aluno`;
/*!40101 SET @saved_cs_client     = @@character_set_client */;
/*!40101 SET character_set_client = utf8 */;
CREATE TABLE `aluno` (
  `idPessoaFisica` int(11) NOT NULL,
  `prontuario_idProntuario` int(11) NOT NULL,
  `responsavel1` longtext NOT NULL,
  `responsavel2` longtext,
  `contato1` longtext NOT NULL,
  `contato2` longtext,
  PRIMARY KEY (`idPessoaFisica`),
  KEY `IX_idPessoaFisica` (`idPessoaFisica`) USING HASH,
  KEY `IX_prontuario_idProntuario` (`prontuario_idProntuario`) USING HASH,
  CONSTRAINT `FK_Aluno_PessoaFisica_idPessoaFisica` FOREIGN KEY (`idPessoaFisica`) REFERENCES `pessoafisica` (`idPessoaFisica`),
  CONSTRAINT `FK_Aluno_Prontuario_prontuario_idProntuario` FOREIGN KEY (`prontuario_idProntuario`) REFERENCES `prontuario` (`idProntuario`) ON DELETE CASCADE ON UPDATE CASCADE
) ENGINE=InnoDB DEFAULT CHARSET=utf8;
/*!40101 SET character_set_client = @saved_cs_client */;

--
-- Dumping data for table `aluno`
--

LOCK TABLES `aluno` WRITE;
/*!40000 ALTER TABLE `aluno` DISABLE KEYS */;
INSERT INTO `aluno` VALUES (1,1,'Hugo Silva','Beatriz Souza','1993748392','1992480483');
/*!40000 ALTER TABLE `aluno` ENABLE KEYS */;
UNLOCK TABLES;

--
-- Table structure for table `assistenteadministracao`
--

DROP TABLE IF EXISTS `assistenteadministracao`;
/*!40101 SET @saved_cs_client     = @@character_set_client */;
/*!40101 SET character_set_client = utf8 */;
CREATE TABLE `assistenteadministracao` (
  `idPessoaFisica` int(11) NOT NULL,
  PRIMARY KEY (`idPessoaFisica`),
  KEY `IX_idPessoaFisica` (`idPessoaFisica`) USING HASH,
  CONSTRAINT `FK_AssistenteAdministracao_Funcionario_idPessoaFisica` FOREIGN KEY (`idPessoaFisica`) REFERENCES `funcionario` (`idPessoaFisica`)
) ENGINE=InnoDB DEFAULT CHARSET=utf8;
/*!40101 SET character_set_client = @saved_cs_client */;

--
-- Dumping data for table `assistenteadministracao`
--

LOCK TABLES `assistenteadministracao` WRITE;
/*!40000 ALTER TABLE `assistenteadministracao` DISABLE KEYS */;
INSERT INTO `assistenteadministracao` VALUES (4);
/*!40000 ALTER TABLE `assistenteadministracao` ENABLE KEYS */;
UNLOCK TABLES;

--
-- Table structure for table `assistentealuno`
--

DROP TABLE IF EXISTS `assistentealuno`;
/*!40101 SET @saved_cs_client     = @@character_set_client */;
/*!40101 SET character_set_client = utf8 */;
CREATE TABLE `assistentealuno` (
  `idPessoaFisica` int(11) NOT NULL,
  PRIMARY KEY (`idPessoaFisica`),
  KEY `IX_idPessoaFisica` (`idPessoaFisica`) USING HASH,
  CONSTRAINT `FK_AssistenteAluno_Funcionario_idPessoaFisica` FOREIGN KEY (`idPessoaFisica`) REFERENCES `funcionario` (`idPessoaFisica`)
) ENGINE=InnoDB DEFAULT CHARSET=utf8;
/*!40101 SET character_set_client = @saved_cs_client */;

--
-- Dumping data for table `assistentealuno`
--

LOCK TABLES `assistentealuno` WRITE;
/*!40000 ALTER TABLE `assistentealuno` DISABLE KEYS */;
INSERT INTO `assistentealuno` VALUES (2);
/*!40000 ALTER TABLE `assistentealuno` ENABLE KEYS */;
UNLOCK TABLES;

--
-- Table structure for table `assistentecoordenadoria`
--

DROP TABLE IF EXISTS `assistentecoordenadoria`;
/*!40101 SET @saved_cs_client     = @@character_set_client */;
/*!40101 SET character_set_client = utf8 */;
CREATE TABLE `assistentecoordenadoria` (
  `idPessoaFisica` int(11) NOT NULL,
  PRIMARY KEY (`idPessoaFisica`),
  KEY `IX_idPessoaFisica` (`idPessoaFisica`) USING HASH,
  CONSTRAINT `FK_AssistenteCoordenadoria_Funcionario_idPessoaFisica` FOREIGN KEY (`idPessoaFisica`) REFERENCES `funcionario` (`idPessoaFisica`)
) ENGINE=InnoDB DEFAULT CHARSET=utf8;
/*!40101 SET character_set_client = @saved_cs_client */;

--
-- Dumping data for table `assistentecoordenadoria`
--

LOCK TABLES `assistentecoordenadoria` WRITE;
/*!40000 ALTER TABLE `assistentecoordenadoria` DISABLE KEYS */;
INSERT INTO `assistentecoordenadoria` VALUES (5);
/*!40000 ALTER TABLE `assistentecoordenadoria` ENABLE KEYS */;
UNLOCK TABLES;

--
-- Table structure for table `autenticacao`
--

DROP TABLE IF EXISTS `autenticacao`;
/*!40101 SET @saved_cs_client     = @@character_set_client */;
/*!40101 SET character_set_client = utf8 */;
CREATE TABLE `autenticacao` (
  `idAutenticacao` int(11) NOT NULL AUTO_INCREMENT,
  `usuario` longtext NOT NULL,
  `senha` longtext NOT NULL,
  `nivelAcesso` longtext NOT NULL,
  PRIMARY KEY (`idAutenticacao`)
) ENGINE=InnoDB AUTO_INCREMENT=6 DEFAULT CHARSET=utf8;
/*!40101 SET character_set_client = @saved_cs_client */;

--
-- Dumping data for table `autenticacao`
--

LOCK TABLES `autenticacao` WRITE;
/*!40000 ALTER TABLE `autenticacao` DISABLE KEYS */;
INSERT INTO `autenticacao` VALUES (1,'ass','lk1y5y0FPVAfKUmWmEm5bA==','Assistência de Alunos'),(3,'adm','sJxgD93Fc/EXRJs3I/I9ZA==','Administração'),(4,'coo','A6b/DbVgu9vNTIbNlLNZcQ==','Coordenadoria'),(5,'admin','ISMvKXpXpadDiUoOSoAfww==','Administrador do Sistema');
/*!40000 ALTER TABLE `autenticacao` ENABLE KEYS */;
UNLOCK TABLES;

--
-- Table structure for table `dia`
--

DROP TABLE IF EXISTS `dia`;
/*!40101 SET @saved_cs_client     = @@character_set_client */;
/*!40101 SET character_set_client = utf8 */;
CREATE TABLE `dia` (
  `idDia` int(11) NOT NULL AUTO_INCREMENT,
  `periodo` longtext,
  `pessoaFisica_idPessoaFisica` int(11) DEFAULT NULL,
  PRIMARY KEY (`idDia`),
  KEY `IX_pessoaFisica_idPessoaFisica` (`pessoaFisica_idPessoaFisica`) USING HASH,
  CONSTRAINT `FK_Dia_PessoaFisica_pessoaFisica_idPessoaFisica` FOREIGN KEY (`pessoaFisica_idPessoaFisica`) REFERENCES `pessoafisica` (`idPessoaFisica`)
) ENGINE=InnoDB DEFAULT CHARSET=utf8;
/*!40101 SET character_set_client = @saved_cs_client */;

--
-- Dumping data for table `dia`
--

LOCK TABLES `dia` WRITE;
/*!40000 ALTER TABLE `dia` DISABLE KEYS */;
/*!40000 ALTER TABLE `dia` ENABLE KEYS */;
UNLOCK TABLES;

--
-- Table structure for table `fornecedor`
--

DROP TABLE IF EXISTS `fornecedor`;
/*!40101 SET @saved_cs_client     = @@character_set_client */;
/*!40101 SET character_set_client = utf8 */;
CREATE TABLE `fornecedor` (
  `idFornecedor` int(11) NOT NULL AUTO_INCREMENT,
  `nome` longtext,
  `rg` longtext,
  `entrada` datetime NOT NULL,
  `saida` datetime NOT NULL,
  `empresa` longtext,
  `motivo` longtext,
  PRIMARY KEY (`idFornecedor`)
) ENGINE=InnoDB DEFAULT CHARSET=utf8;
/*!40101 SET character_set_client = @saved_cs_client */;

--
-- Dumping data for table `fornecedor`
--

LOCK TABLES `fornecedor` WRITE;
/*!40000 ALTER TABLE `fornecedor` DISABLE KEYS */;
/*!40000 ALTER TABLE `fornecedor` ENABLE KEYS */;
UNLOCK TABLES;

--
-- Table structure for table `funcionario`
--

DROP TABLE IF EXISTS `funcionario`;
/*!40101 SET @saved_cs_client     = @@character_set_client */;
/*!40101 SET character_set_client = utf8 */;
CREATE TABLE `funcionario` (
  `idPessoaFisica` int(11) NOT NULL,
  `autenticacao_idAutenticacao` int(11) DEFAULT NULL,
  `prontuario_idProntuario` int(11) DEFAULT NULL,
  `area` longtext,
  PRIMARY KEY (`idPessoaFisica`),
  KEY `IX_idPessoaFisica` (`idPessoaFisica`) USING HASH,
  KEY `IX_autenticacao_idAutenticacao` (`autenticacao_idAutenticacao`) USING HASH,
  KEY `IX_prontuario_idProntuario` (`prontuario_idProntuario`) USING HASH,
  CONSTRAINT `FK_Funcionario_Autenticacao_autenticacao_idAutenticacao` FOREIGN KEY (`autenticacao_idAutenticacao`) REFERENCES `autenticacao` (`idAutenticacao`),
  CONSTRAINT `FK_Funcionario_PessoaFisica_idPessoaFisica` FOREIGN KEY (`idPessoaFisica`) REFERENCES `pessoafisica` (`idPessoaFisica`),
  CONSTRAINT `FK_Funcionario_Prontuario_prontuario_idProntuario` FOREIGN KEY (`prontuario_idProntuario`) REFERENCES `prontuario` (`idProntuario`)
) ENGINE=InnoDB DEFAULT CHARSET=utf8;
/*!40101 SET character_set_client = @saved_cs_client */;

--
-- Dumping data for table `funcionario`
--

LOCK TABLES `funcionario` WRITE;
/*!40000 ALTER TABLE `funcionario` DISABLE KEYS */;
INSERT INTO `funcionario` VALUES (2,1,2,'Assistentecia'),(4,3,3,'Administração'),(5,4,4,'Coordenação'),(6,5,5,'Administrador de Sistema');
/*!40000 ALTER TABLE `funcionario` ENABLE KEYS */;
UNLOCK TABLES;

--
-- Table structure for table `permanenciaveiculo`
--

DROP TABLE IF EXISTS `permanenciaveiculo`;
/*!40101 SET @saved_cs_client     = @@character_set_client */;
/*!40101 SET character_set_client = utf8 */;
CREATE TABLE `permanenciaveiculo` (
  `idPermanenciaVeiculo` int(11) NOT NULL AUTO_INCREMENT,
  `nome` longtext,
  `rg` longtext,
  `prontuario` longtext,
  `telefone` longtext,
  `tipoSolicitante` longtext,
  `setor` longtext,
  `isDocente` longtext,
  `curso` longtext,
  `modulo` longtext,
  `turno` longtext,
  `anoLetivo` longtext,
  `marca` longtext,
  `modelo` longtext,
  `placa` longtext,
  `cor` longtext,
  `ano` int(11) NOT NULL,
  `servidorPublico1` longtext,
  `servidorPublico2` longtext,
  `servidorPublico3` longtext,
  `servidorPublico4` longtext,
  `prontuario1` longtext,
  `prontuario2` longtext,
  `prontuario3` longtext,
  `prontuario4` longtext,
  `dataEntrada` datetime NOT NULL,
  `dataSaida` datetime DEFAULT NULL,
  `assistenteAdministracao_idPessoaFisica` int(11) DEFAULT NULL,
  PRIMARY KEY (`idPermanenciaVeiculo`),
  KEY `IX_assistenteAdministracao_idPessoaFisica` (`assistenteAdministracao_idPessoaFisica`) USING HASH,
  CONSTRAINT `FK_f546c91a2c634f9fbf4d0aab67d74949` FOREIGN KEY (`assistenteAdministracao_idPessoaFisica`) REFERENCES `assistenteadministracao` (`idPessoaFisica`)
) ENGINE=InnoDB DEFAULT CHARSET=utf8;
/*!40101 SET character_set_client = @saved_cs_client */;

--
-- Dumping data for table `permanenciaveiculo`
--

LOCK TABLES `permanenciaveiculo` WRITE;
/*!40000 ALTER TABLE `permanenciaveiculo` DISABLE KEYS */;
/*!40000 ALTER TABLE `permanenciaveiculo` ENABLE KEYS */;
UNLOCK TABLES;

--
-- Table structure for table `pessoafisica`
--

DROP TABLE IF EXISTS `pessoafisica`;
/*!40101 SET @saved_cs_client     = @@character_set_client */;
/*!40101 SET character_set_client = utf8 */;
CREATE TABLE `pessoafisica` (
  `idPessoaFisica` int(11) NOT NULL AUTO_INCREMENT,
  `nome` longtext NOT NULL,
  `celular` longtext,
  `telefone` longtext,
  `nascimento` datetime NOT NULL,
  `rg` longtext NOT NULL,
  `sexo` longtext NOT NULL,
  PRIMARY KEY (`idPessoaFisica`)
) ENGINE=InnoDB AUTO_INCREMENT=8 DEFAULT CHARSET=utf8;
/*!40101 SET character_set_client = @saved_cs_client */;

--
-- Dumping data for table `pessoafisica`
--

LOCK TABLES `pessoafisica` WRITE;
/*!40000 ALTER TABLE `pessoafisica` DISABLE KEYS */;
INSERT INTO `pessoafisica` VALUES (1,'Willian Costa','1999748362','19966338844','1992-03-04 00:00:00','507382748',''),(2,'Lucia Almeida Soares','199283723','34920493','1984-04-04 00:00:00','39846263',''),(4,'Michele Arruda','00000000000','1934927549','1984-04-04 00:00:00','545335653',''),(5,'Grazy','00000000000','1934927549','1984-04-04 00:00:00','545332653',''),(6,'Lucas Bonetti','0000000','193427549','1984-04-04 00:00:00','54532653',''),(7,'teste','teste','teste','2015-11-12 00:00:00','teste','');
/*!40000 ALTER TABLE `pessoafisica` ENABLE KEYS */;
UNLOCK TABLES;

--
-- Table structure for table `porteiro`
--

DROP TABLE IF EXISTS `porteiro`;
/*!40101 SET @saved_cs_client     = @@character_set_client */;
/*!40101 SET character_set_client = utf8 */;
CREATE TABLE `porteiro` (
  `idPessoaFisica` int(11) NOT NULL,
  PRIMARY KEY (`idPessoaFisica`),
  KEY `IX_idPessoaFisica` (`idPessoaFisica`) USING HASH,
  CONSTRAINT `FK_Porteiro_Terceirizado_idPessoaFisica` FOREIGN KEY (`idPessoaFisica`) REFERENCES `terceirizado` (`idPessoaFisica`)
) ENGINE=InnoDB DEFAULT CHARSET=utf8;
/*!40101 SET character_set_client = @saved_cs_client */;

--
-- Dumping data for table `porteiro`
--

LOCK TABLES `porteiro` WRITE;
/*!40000 ALTER TABLE `porteiro` DISABLE KEYS */;
/*!40000 ALTER TABLE `porteiro` ENABLE KEYS */;
UNLOCK TABLES;

--
-- Table structure for table `prontuario`
--

DROP TABLE IF EXISTS `prontuario`;
/*!40101 SET @saved_cs_client     = @@character_set_client */;
/*!40101 SET character_set_client = utf8 */;
CREATE TABLE `prontuario` (
  `idProntuario` int(11) NOT NULL AUTO_INCREMENT,
  `prontuario` longtext NOT NULL,
  PRIMARY KEY (`idProntuario`)
) ENGINE=InnoDB AUTO_INCREMENT=6 DEFAULT CHARSET=utf8;
/*!40101 SET character_set_client = @saved_cs_client */;

--
-- Dumping data for table `prontuario`
--

LOCK TABLES `prontuario` WRITE;
/*!40000 ALTER TABLE `prontuario` DISABLE KEYS */;
INSERT INTO `prontuario` VALUES (1,'1320011'),(2,'1400020'),(3,'43789434'),(4,'43789934'),(5,'43288934');
/*!40000 ALTER TABLE `prontuario` ENABLE KEYS */;
UNLOCK TABLES;

--
-- Table structure for table `solicitacao`
--

DROP TABLE IF EXISTS `solicitacao`;
/*!40101 SET @saved_cs_client     = @@character_set_client */;
/*!40101 SET character_set_client = utf8 */;
CREATE TABLE `solicitacao` (
  `idSolicitacao` int(11) NOT NULL AUTO_INCREMENT,
  `abertura` datetime NOT NULL,
  `motivo` longtext NOT NULL,
  `aluno_idPessoaFisica` int(11) NOT NULL,
  `assistenteAluno_idPessoaFisica` int(11) NOT NULL,
  PRIMARY KEY (`idSolicitacao`),
  KEY `IX_aluno_idPessoaFisica` (`aluno_idPessoaFisica`) USING HASH,
  KEY `IX_assistenteAluno_idPessoaFisica` (`assistenteAluno_idPessoaFisica`) USING HASH,
  CONSTRAINT `FK_Solicitacao_Aluno_aluno_idPessoaFisica` FOREIGN KEY (`aluno_idPessoaFisica`) REFERENCES `aluno` (`idPessoaFisica`),
  CONSTRAINT `FK_c0dab6dd691f4f8fb6adb1df04f0e289` FOREIGN KEY (`assistenteAluno_idPessoaFisica`) REFERENCES `assistentealuno` (`idPessoaFisica`)
) ENGINE=InnoDB DEFAULT CHARSET=utf8;
/*!40101 SET character_set_client = @saved_cs_client */;

--
-- Dumping data for table `solicitacao`
--

LOCK TABLES `solicitacao` WRITE;
/*!40000 ALTER TABLE `solicitacao` DISABLE KEYS */;
/*!40000 ALTER TABLE `solicitacao` ENABLE KEYS */;
UNLOCK TABLES;

--
-- Table structure for table `solicitacaoentrada`
--

DROP TABLE IF EXISTS `solicitacaoentrada`;
/*!40101 SET @saved_cs_client     = @@character_set_client */;
/*!40101 SET character_set_client = utf8 */;
CREATE TABLE `solicitacaoentrada` (
  `idSolicitacao` int(11) NOT NULL,
  PRIMARY KEY (`idSolicitacao`),
  KEY `IX_idSolicitacao` (`idSolicitacao`) USING HASH,
  CONSTRAINT `FK_SolicitacaoEntrada_Solicitacao_idSolicitacao` FOREIGN KEY (`idSolicitacao`) REFERENCES `solicitacao` (`idSolicitacao`)
) ENGINE=InnoDB DEFAULT CHARSET=utf8;
/*!40101 SET character_set_client = @saved_cs_client */;

--
-- Dumping data for table `solicitacaoentrada`
--

LOCK TABLES `solicitacaoentrada` WRITE;
/*!40000 ALTER TABLE `solicitacaoentrada` DISABLE KEYS */;
/*!40000 ALTER TABLE `solicitacaoentrada` ENABLE KEYS */;
UNLOCK TABLES;

--
-- Table structure for table `solicitacaosaida`
--

DROP TABLE IF EXISTS `solicitacaosaida`;
/*!40101 SET @saved_cs_client     = @@character_set_client */;
/*!40101 SET character_set_client = utf8 */;
CREATE TABLE `solicitacaosaida` (
  `idSolicitacao` int(11) NOT NULL,
  `porteiro_idPessoaFisica` int(11) DEFAULT NULL,
  `saidaSupervisionada` tinyint(1) NOT NULL,
  `status` int(11) NOT NULL,
  `encerramento` datetime DEFAULT NULL,
  PRIMARY KEY (`idSolicitacao`),
  KEY `IX_idSolicitacao` (`idSolicitacao`) USING HASH,
  KEY `IX_porteiro_idPessoaFisica` (`porteiro_idPessoaFisica`) USING HASH,
  CONSTRAINT `FK_SolicitacaoSaida_Porteiro_porteiro_idPessoaFisica` FOREIGN KEY (`porteiro_idPessoaFisica`) REFERENCES `porteiro` (`idPessoaFisica`),
  CONSTRAINT `FK_SolicitacaoSaida_Solicitacao_idSolicitacao` FOREIGN KEY (`idSolicitacao`) REFERENCES `solicitacao` (`idSolicitacao`)
) ENGINE=InnoDB DEFAULT CHARSET=utf8;
/*!40101 SET character_set_client = @saved_cs_client */;

--
-- Dumping data for table `solicitacaosaida`
--

LOCK TABLES `solicitacaosaida` WRITE;
/*!40000 ALTER TABLE `solicitacaosaida` DISABLE KEYS */;
/*!40000 ALTER TABLE `solicitacaosaida` ENABLE KEYS */;
UNLOCK TABLES;

--
-- Table structure for table `terceirizado`
--

DROP TABLE IF EXISTS `terceirizado`;
/*!40101 SET @saved_cs_client     = @@character_set_client */;
/*!40101 SET character_set_client = utf8 */;
CREATE TABLE `terceirizado` (
  `idPessoaFisica` int(11) NOT NULL,
  `autenticacao_idAutenticacao` int(11) DEFAULT NULL,
  `area` longtext,
  `empresa` longtext,
  PRIMARY KEY (`idPessoaFisica`),
  KEY `IX_idPessoaFisica` (`idPessoaFisica`) USING HASH,
  KEY `IX_autenticacao_idAutenticacao` (`autenticacao_idAutenticacao`) USING HASH,
  CONSTRAINT `FK_Terceirizado_Autenticacao_autenticacao_idAutenticacao` FOREIGN KEY (`autenticacao_idAutenticacao`) REFERENCES `autenticacao` (`idAutenticacao`),
  CONSTRAINT `FK_Terceirizado_PessoaFisica_idPessoaFisica` FOREIGN KEY (`idPessoaFisica`) REFERENCES `pessoafisica` (`idPessoaFisica`)
) ENGINE=InnoDB DEFAULT CHARSET=utf8;
/*!40101 SET character_set_client = @saved_cs_client */;

--
-- Dumping data for table `terceirizado`
--

LOCK TABLES `terceirizado` WRITE;
/*!40000 ALTER TABLE `terceirizado` DISABLE KEYS */;
INSERT INTO `terceirizado` VALUES (7,NULL,'teste','teste');
/*!40000 ALTER TABLE `terceirizado` ENABLE KEYS */;
UNLOCK TABLES;

--
-- Table structure for table `vaga`
--

DROP TABLE IF EXISTS `vaga`;
/*!40101 SET @saved_cs_client     = @@character_set_client */;
/*!40101 SET character_set_client = utf8 */;
CREATE TABLE `vaga` (
  `idVaga` int(11) NOT NULL AUTO_INCREMENT,
  `codigoPlaca` longtext NOT NULL,
  `isDocente` tinyint(1) NOT NULL,
  `domingo_idDia` int(11) DEFAULT NULL,
  `pessoaFisica_idPessoaFisica` int(11) DEFAULT NULL,
  `quarta_feira_idDia` int(11) DEFAULT NULL,
  `quinta_feira_idDia` int(11) DEFAULT NULL,
  `sabado_idDia` int(11) DEFAULT NULL,
  `segunda_feira_idDia` int(11) DEFAULT NULL,
  `sexta_feira_idDia` int(11) DEFAULT NULL,
  `terca_feira_idDia` int(11) DEFAULT NULL,
  PRIMARY KEY (`idVaga`),
  KEY `IX_domingo_idDia` (`domingo_idDia`) USING HASH,
  KEY `IX_pessoaFisica_idPessoaFisica` (`pessoaFisica_idPessoaFisica`) USING HASH,
  KEY `IX_quarta_feira_idDia` (`quarta_feira_idDia`) USING HASH,
  KEY `IX_quinta_feira_idDia` (`quinta_feira_idDia`) USING HASH,
  KEY `IX_sabado_idDia` (`sabado_idDia`) USING HASH,
  KEY `IX_segunda_feira_idDia` (`segunda_feira_idDia`) USING HASH,
  KEY `IX_sexta_feira_idDia` (`sexta_feira_idDia`) USING HASH,
  KEY `IX_terca_feira_idDia` (`terca_feira_idDia`) USING HASH,
  CONSTRAINT `FK_Vaga_Dia_domingo_idDia` FOREIGN KEY (`domingo_idDia`) REFERENCES `dia` (`idDia`),
  CONSTRAINT `FK_Vaga_Dia_quarta_feira_idDia` FOREIGN KEY (`quarta_feira_idDia`) REFERENCES `dia` (`idDia`),
  CONSTRAINT `FK_Vaga_Dia_quinta_feira_idDia` FOREIGN KEY (`quinta_feira_idDia`) REFERENCES `dia` (`idDia`),
  CONSTRAINT `FK_Vaga_Dia_sabado_idDia` FOREIGN KEY (`sabado_idDia`) REFERENCES `dia` (`idDia`),
  CONSTRAINT `FK_Vaga_Dia_segunda_feira_idDia` FOREIGN KEY (`segunda_feira_idDia`) REFERENCES `dia` (`idDia`),
  CONSTRAINT `FK_Vaga_Dia_sexta_feira_idDia` FOREIGN KEY (`sexta_feira_idDia`) REFERENCES `dia` (`idDia`),
  CONSTRAINT `FK_Vaga_Dia_terca_feira_idDia` FOREIGN KEY (`terca_feira_idDia`) REFERENCES `dia` (`idDia`),
  CONSTRAINT `FK_Vaga_PessoaFisica_pessoaFisica_idPessoaFisica` FOREIGN KEY (`pessoaFisica_idPessoaFisica`) REFERENCES `pessoafisica` (`idPessoaFisica`)
) ENGINE=InnoDB DEFAULT CHARSET=utf8;
/*!40101 SET character_set_client = @saved_cs_client */;

--
-- Dumping data for table `vaga`
--

LOCK TABLES `vaga` WRITE;
/*!40000 ALTER TABLE `vaga` DISABLE KEYS */;
/*!40000 ALTER TABLE `vaga` ENABLE KEYS */;
UNLOCK TABLES;

--
-- Table structure for table `visitante`
--

DROP TABLE IF EXISTS `visitante`;
/*!40101 SET @saved_cs_client     = @@character_set_client */;
/*!40101 SET character_set_client = utf8 */;
CREATE TABLE `visitante` (
  `idVisitante` int(11) NOT NULL AUTO_INCREMENT,
  `nome` longtext,
  `rg` longtext,
  `entrada` datetime NOT NULL,
  `saida` datetime DEFAULT NULL,
  `empresa` longtext,
  `motivo` longtext,
  PRIMARY KEY (`idVisitante`)
) ENGINE=InnoDB DEFAULT CHARSET=utf8;
/*!40101 SET character_set_client = @saved_cs_client */;

--
-- Dumping data for table `visitante`
--

LOCK TABLES `visitante` WRITE;
/*!40000 ALTER TABLE `visitante` DISABLE KEYS */;
/*!40000 ALTER TABLE `visitante` ENABLE KEYS */;
UNLOCK TABLES;
/*!40103 SET TIME_ZONE=@OLD_TIME_ZONE */;

/*!40101 SET SQL_MODE=@OLD_SQL_MODE */;
/*!40014 SET FOREIGN_KEY_CHECKS=@OLD_FOREIGN_KEY_CHECKS */;
/*!40014 SET UNIQUE_CHECKS=@OLD_UNIQUE_CHECKS */;
/*!40101 SET CHARACTER_SET_CLIENT=@OLD_CHARACTER_SET_CLIENT */;
/*!40101 SET CHARACTER_SET_RESULTS=@OLD_CHARACTER_SET_RESULTS */;
/*!40101 SET COLLATION_CONNECTION=@OLD_COLLATION_CONNECTION */;
/*!40111 SET SQL_NOTES=@OLD_SQL_NOTES */;

-- Dump completed on 2015-11-14  4:54:20
